test_suite,framework,count,mean,median,std,sem,ci95
calculator,pytest,10,0.09064857959747315,0.09044647216796875,0.006953985226124413,0.0021990432129714186,0.004310124697423981
calculator,unittest,10,0.03998768329620361,0.04122591018676758,0.0041839116408294895,0.0013230690313913523,0.0025932153015270506
fibonacci,pytest,10,0.0891303539276123,0.08906710147857666,0.005511363204467186,0.0017428460738560594,0.0034159783047578766
fibonacci,unittest,10,0.039500999450683597,0.04069852828979492,0.003775516860234354,0.0011939232622708157,0.0023400895940507986
